{
  "project_info": {
    "project_number": "293601423632",
    "firebase_url": "https://utahousing-b12fc-default-rtdb.firebaseio.com",
    "project_id": "utahousing-b12fc",
    "storage_bucket": "utahousing-b12fc.appspot.com"
  },
  "client": [
    {
      "client_info": {
        "mobilesdk_app_id": "1:293601423632:android:cdfc9de5969923d99ff595",
        "android_client_info": {
          "package_name": "com.example.housinguta"
        }
      },
      "oauth_client": [
        {
          "client_id": "293601423632-qqm8om16948b7gsstipa8br0mg8gboh3.apps.googleusercontent.com",
          "client_type": 1,
          "android_info": {
            "package_name": "com.example.housinguta",
            "certificate_hash": "464c7501f175fc74b1197dc3e6b418f483e03aa9"
          }
        },
        {
          "client_id": "293601423632-4fisf4qm6k2ivdk56bn2rvjs5r358eoq.apps.googleusercontent.com",
          "client_type": 3
        }
      ],
      "api_key": [
        {
          "current_key": "AIzaSyDBwOiLLboeM2yKp_pxikeNcDMmN53tPmw"
        }
      ],
      "services": {
        "appinvite_service": {
          "other_platform_oauth_client": [
            {
              "client_id": "293601423632-4fisf4qm6k2ivdk56bn2rvjs5r358eoq.apps.googleusercontent.com",
              "client_type": 3
            }
          ]
        }
      }
    }
  ],
  "configuration_version": "1"
}